Year,Week,time,FPI EUR,FPI NOK,Currency,3-4 Kg,4-5 Kg,5-6 Kg,3-4 Kg EUR,4-5 Kg EUR,5-6 Kg EUR
2006,1,2006-01-02,3.11,24.71,7.9475,,,,,,
2006,2,2006-01-09,3.13,25.05,8.0145,,,,,,
2006,3,2006-01-16,3.32,26.89,8.0986,,,,,,
2006,4,2006-01-23,3.58,28.84,8.0567,,,,,,
2006,5,2006-01-30,3.29,26.52,8.0702,,,,,,
2006,6,2006-02-06,3.25,26.16,8.0402,,,,,,
2006,7,2006-02-13,3.22,26.07,8.1085,,,,,,
2006,8,2006-02-20,3.35,26.96,8.052,,,,,,
2006,9,2006-02-27,3.55,28.48,8.0202,,,,,,
2006,10,2006-03-06,3.77,30.1,7.9942,,,,,,
2006,11,2006-03-13,3.87,30.89,7.9759,,,,,,
2006,12,2006-03-20,4.0,31.86,7.9572,,,,,,
2006,13,2006-03-27,4.38,34.85,7.959,,,,,,
2006,14,2006-04-03,4.65,36.65,7.89,,,,,,
2006,15,2006-04-10,4.56,35.85,7.86,,,,,,
2006,16,2006-04-17,4.54,35.51,7.83,,,,,,
2006,17,2006-04-24,4.66,36.43,7.81,,,,,,
2006,18,2006-05-01,4.89,37.98,7.76,,,,,,
2006,19,2006-05-08,4.75,36.98,7.78,,,,,,
2006,20,2006-05-15,4.82,37.72,7.82,,,,,,
2006,21,2006-05-22,5.26,41.14,7.82,,,,,,
2006,22,2006-05-29,5.4,42.13,7.8,,,,,,
2006,23,2006-06-05,5.38,41.94,7.8,,,,,,
2006,24,2006-06-12,5.46,42.75,7.83,,,,,,
2006,25,2006-06-19,5.64,44.65,7.91,,,,,,
2006,26,2006-06-26,5.65,44.77,7.92,,,,,,
2006,27,2006-07-03,4.87,38.8,7.96,,,,,,
2006,28,2006-07-10,4.85,38.58,7.95,,,,,,
2006,29,2006-07-17,5.0,39.63,7.93,,,,,,
2006,30,2006-07-24,4.79,37.96,7.92,,,,,,
2006,31,2006-07-31,4.78,37.65,7.87,,,,,,
2006,32,2006-08-07,4.73,37.5,7.93,,,,,,
2006,33,2006-08-14,4.61,37.04,8.04,,,,,,
2006,34,2006-08-21,4.48,36.09,8.05,,,,,,
2006,35,2006-08-28,4.02,32.44,8.07,,,,,,
2006,36,2006-09-04,3.73,30.44,8.16,,,,,,
2006,37,2006-09-11,3.65,30.36,8.32,,,,,,
2006,38,2006-09-18,3.6,29.81,8.29,,,,,,
2006,39,2006-09-25,3.36,27.87,8.29,,,,,,
2006,40,2006-10-02,3.15,26.42,8.39,,,,,,
2006,41,2006-10-09,3.23,27.21,8.42,,,,,,
2006,42,2006-10-16,3.34,28.29,8.46,,,,,,
2006,43,2006-10-23,3.28,27.35,8.35,,,,,,
2006,44,2006-10-30,3.11,25.79,8.29,,,,,,
2006,45,2006-11-06,3.05,25.13,8.24,,,,,,
2006,46,2006-11-13,3.07,25.24,8.23,,,,,,
2006,47,2006-11-20,3.31,27.35,8.26,,,,,,
2006,48,2006-11-27,3.38,27.84,8.23,,,,,,
2006,49,2006-12-04,3.28,26.69,8.13,,,,,,
2006,50,2006-12-11,3.21,26.09,8.14,,,,,,
2006,51,2006-12-18,3.2,26.12,8.16,,,,,,
2006,52,2006-12-25,3.3,27.12,8.23,,,,,,
2007,1,2007-01-01,3.37,27.81,8.25,,,,,,
2007,2,2007-01-08,3.37,27.93,8.3,,,,,,
2007,3,2007-01-15,3.46,28.86,8.34,,,,,,
2007,4,2007-01-22,3.33,27.55,8.28,,,,,,
2007,5,2007-01-29,3.19,26.01,8.15,,,,,,
2007,6,2007-02-05,3.19,25.9,8.11,,,,,,
2007,7,2007-02-12,3.51,28.37,8.08,,,,,,
2007,8,2007-02-19,3.86,31.11,8.06,,,,,,
2007,9,2007-02-26,3.47,28.07,8.09,,,,,,
2007,10,2007-03-05,3.42,27.89,8.15,,,,,,
2007,11,2007-03-12,3.61,29.29,8.11,,,,,,
2007,12,2007-03-19,3.57,29.12,8.16,,,,,,
2007,13,2007-03-26,3.48,28.27,8.12,,,,,,
2007,14,2007-04-02,3.52,28.75,8.17,,,,,,
2007,15,2007-04-09,3.68,29.84,8.1,,,,,,
2007,16,2007-04-16,3.55,28.73,8.1,,,,,,
2007,17,2007-04-23,3.29,26.76,8.13,,,,,,
2007,18,2007-04-30,3.3,26.79,8.13,,,,,,
2007,19,2007-05-07,3.25,26.48,8.15,,,,,,
2007,20,2007-05-14,3.14,25.65,8.18,,,,,,
2007,21,2007-05-21,3.08,25.0,8.12,,,,,,
2007,22,2007-05-28,3.11,25.25,8.11,,,,,,
2007,23,2007-06-04,3.12,25.23,8.09,,,,,,
2007,24,2007-06-11,3.02,24.52,8.11,,,,,,
2007,25,2007-06-18,2.83,22.79,8.05,,,,,,
2007,26,2007-06-25,2.73,21.77,7.98,,,,,,
2007,27,2007-07-02,2.8,22.26,7.94,,,,,,
2007,28,2007-07-09,2.97,23.56,7.94,,,,,,
2007,29,2007-07-16,3.1,24.51,7.9,,,,,,
2007,30,2007-07-23,3.09,24.57,7.96,,,,,,
2007,31,2007-07-30,3.15,25.11,7.97,,,,,,
2007,32,2007-08-06,3.4,27.06,7.96,,,,,,
2007,33,2007-08-13,3.54,28.28,8.0,,,,,,
2007,34,2007-08-20,3.34,26.64,7.98,,,,,,
2007,35,2007-08-27,3.22,25.62,7.95,,,,,,
2007,36,2007-09-03,3.3,26.15,7.92,,,,,,
2007,37,2007-09-10,3.25,25.49,7.85,,,,,,
2007,38,2007-09-17,3.08,23.97,7.79,,,,,,
2007,39,2007-09-24,2.9,22.56,7.77,,,,,,
2007,40,2007-10-01,3.09,23.77,7.69,,,,,,
2007,41,2007-10-08,3.02,23.2,7.68,,,,,,
2007,42,2007-10-15,2.88,22.1,7.67,,,,,,
2007,43,2007-10-22,2.78,21.47,7.72,,,,,,
2007,44,2007-10-29,2.71,21.09,7.78,,,,,,
2007,45,2007-11-05,2.73,21.21,7.78,,,,,,
2007,46,2007-11-12,2.89,22.98,7.95,,,,,,
2007,47,2007-11-19,3.07,24.68,8.04,,,,,,
2007,48,2007-11-26,3.01,24.37,8.09,,,,,,
2007,49,2007-12-03,2.96,23.87,8.07,,,,,,
2007,50,2007-12-10,3.0,23.88,7.97,,,,,,
2007,51,2007-12-17,3.29,26.41,8.02,,,,,,
2007,52,2007-12-24,3.75,29.93,7.98,,,,,,
2008,1,2008-01-07,3.73,29.61,7.93,,,,,,
2008,2,2008-01-14,3.49,27.41,7.86,,,,,,
2008,3,2008-01-21,3.09,24.46,7.91,,,,,,
2008,4,2008-01-28,2.94,23.67,8.04,,,,,,
2008,5,2008-02-04,2.96,23.8,8.05,,,,,,
2008,6,2008-02-11,3.03,24.38,8.04,,,,,,
2008,7,2008-02-18,3.2,25.5,7.98,,,,,,
2008,8,2008-02-25,3.16,24.88,7.88,,,,,,
2008,9,2008-03-03,2.99,23.56,7.88,,,,,,
2008,10,2008-03-10,3.17,24.96,7.88,,,,,,
2008,11,2008-03-17,3.4,26.93,7.91,,,,,,
2008,12,2008-03-24,3.51,28.24,8.05,,,,,,
2008,13,2008-03-31,3.3,26.58,8.05,,,,,,
2008,14,2008-04-07,3.18,25.55,8.04,,,,,,
2008,15,2008-04-14,3.14,24.99,7.95,,,,,,
2008,16,2008-04-21,3.09,24.48,7.92,,,,,,
2008,17,2008-04-28,3.05,24.26,7.96,,,,,,
2008,18,2008-05-05,3.33,26.54,7.96,,,,,,
2008,19,2008-05-12,3.65,28.75,7.87,,,,,,
2008,20,2008-05-19,3.41,26.73,7.85,,,,,,
2008,21,2008-05-26,3.16,24.79,7.84,,,,,,
2008,22,2008-06-02,3.03,23.85,7.88,,,,,,
2008,23,2008-06-09,3.09,24.58,7.96,,,,,,
2008,24,2008-06-16,3.46,27.7,8.0,,,,,,
2008,25,2008-06-23,3.41,27.42,8.04,,,,,,
2008,26,2008-06-30,3.12,24.83,7.97,,,,,,
2008,27,2008-07-07,3.24,26.01,8.02,,,,,,
2008,28,2008-07-14,3.68,29.58,8.03,,,,,,
2008,29,2008-07-21,3.84,30.96,8.06,,,,,,
2008,30,2008-07-28,3.62,29.23,8.08,,,,,,
2008,31,2008-08-04,3.48,27.97,8.04,,,,,,
2008,32,2008-08-11,3.74,29.93,8.01,,,,,,
2008,33,2008-08-18,3.87,30.92,8.0,,,,,,
2008,34,2008-08-25,3.45,27.44,7.95,,,,,,
2008,35,2008-09-01,3.24,25.7,7.93,,,,,,
2008,36,2008-09-08,3.49,27.88,8.0,,,,,,
2008,37,2008-09-15,3.73,30.07,8.06,,,,,,
2008,38,2008-09-22,3.3,27.26,8.26,,,,,,
2008,39,2008-09-29,3.13,25.75,8.24,,,,,,
2008,40,2008-10-06,3.0,24.93,8.3,,,,,,
2008,41,2008-10-13,3.03,25.42,8.38,,,,,,
2008,42,2008-10-20,2.99,25.84,8.65,,,,,,
2008,43,2008-10-27,2.86,25.52,8.93,,,,,,
2008,44,2008-11-03,2.98,25.64,8.59,,,,,,
2008,45,2008-11-10,2.83,24.4,8.63,,,,,,
2008,46,2008-11-17,2.73,23.94,8.77,,,,,,
2008,47,2008-11-24,2.77,24.58,8.87,,,,,,
2008,48,2008-12-01,3.09,27.71,8.97,,,,,,
2008,49,2008-12-08,2.93,26.37,8.99,,,,,,
2008,50,2008-12-15,2.69,24.68,9.16,,,,,,
2008,51,2008-12-22,2.68,25.72,9.61,,,,,,
2008,52,2008-12-29,2.93,28.78,9.81,,,,,,
2009,1,2009-01-05,3.0,29.51,9.84,,,,,,
2009,2,2009-01-12,3.01,28.34,9.43,,,,,,
2009,3,2009-01-19,2.87,26.99,9.39,,,,,,
2009,4,2009-01-26,2.97,27.0,9.08,,,,,,
2009,5,2009-02-02,3.17,28.09,8.87,,,,,,
2009,6,2009-02-09,3.2,28.43,8.88,,,,,,
2009,7,2009-02-16,3.04,26.45,8.71,,,,,,
2009,8,2009-02-23,3.14,27.53,8.77,,,,,,
2009,9,2009-03-02,3.41,29.93,8.77,,,,,,
2009,10,2009-03-09,3.22,28.86,8.97,,,,,,
2009,11,2009-03-16,3.47,30.81,8.89,,,,,,
2009,12,2009-03-23,3.57,31.16,8.74,,,,,,
2009,13,2009-03-30,3.35,29.24,8.72,,,,,,
2009,14,2009-04-06,3.4,30.18,8.87,,,,,,
2009,15,2009-04-13,3.89,34.32,8.83,,,,,,
2009,16,2009-04-20,3.73,32.85,8.8,,,,,,
2009,17,2009-04-27,3.67,32.09,8.75,,,,,,
2009,18,2009-05-04,3.79,33.16,8.75,,,,,,
2009,19,2009-05-11,4.02,34.87,8.67,,,,,,
2009,20,2009-05-18,4.05,35.63,8.79,,,,,,
2009,21,2009-05-25,4.6,40.52,8.8,,,,,,
2009,22,2009-06-01,4.32,38.48,8.9,,,,,,
2009,23,2009-06-08,3.76,33.39,8.89,,,,,,
2009,24,2009-06-15,4.13,36.8,8.9,,,,,,
2009,25,2009-06-22,4.39,39.11,8.9,,,,,,
2009,26,2009-06-29,4.15,37.5,9.04,,,,,,
2009,27,2009-07-06,4.17,37.5,8.99,,,,,,
2009,28,2009-07-13,4.18,37.91,9.07,,,,,,
2009,29,2009-07-20,4.49,40.49,9.02,,,,,,
2009,30,2009-07-27,4.45,39.73,8.93,,,,,,
2009,31,2009-08-03,3.87,33.9,8.76,,,,,,
2009,32,2009-08-10,3.5,30.39,8.69,,,,,,
2009,33,2009-08-17,3.41,29.67,8.7,,,,,,
2009,34,2009-08-24,3.33,28.81,8.64,,,,,,
2009,35,2009-08-31,3.16,27.25,8.62,,,,,,
2009,36,2009-09-07,3.38,29.15,8.63,,,,,,
2009,37,2009-09-14,3.57,30.76,8.61,,,,,,
2009,38,2009-09-21,3.36,29.0,8.64,,,,,,
2009,39,2009-09-28,3.14,26.95,8.57,,,,,,
2009,40,2009-10-05,3.21,27.19,8.48,,,,,,
2009,41,2009-10-12,3.2,26.78,8.37,,,,,,
2009,42,2009-10-19,3.08,25.65,8.32,,,,,,
2009,43,2009-10-26,2.93,24.38,8.33,,,,,,
2009,44,2009-11-02,3.22,27.01,8.38,,,,,,
2009,45,2009-11-09,3.21,27.1,8.45,,,,,,
2009,46,2009-11-16,3.3,27.69,8.38,,,,,,
2009,47,2009-11-23,3.33,27.86,8.37,,,,,,
2009,48,2009-11-30,3.39,28.55,8.43,,,,,,
2009,49,2009-12-07,3.27,27.73,8.47,,,,,,
2009,50,2009-12-14,3.34,28.26,8.46,,,,,,
2009,51,2009-12-21,3.43,28.84,8.42,,,,,,
2009,52,2009-12-28,3.64,30.42,8.36,,,,,,
2009,53,2010-01-04,3.66,30.47,8.33,,,,,,
2009,53,2010-01-04,3.66,30.47,8.2,,,,,,
2010,1,2010-01-04,3.54,29.0,8.33,,,,,,
2010,1,2010-01-04,3.54,29.0,8.2,,,,,,
2010,2,2010-01-11,3.35,27.3,8.16,,,,,,
2010,3,2010-01-18,3.53,28.74,8.15,,,,,,
2010,4,2010-01-25,3.62,29.68,8.21,,,,,,
2010,5,2010-02-01,3.82,31.26,8.18,,,,,,
2010,6,2010-02-08,4.36,35.42,8.12,,,,,,
2010,7,2010-02-15,4.52,36.42,8.06,,,,,,
2010,8,2010-02-22,4.2,33.75,8.03,,,,,,
2010,9,2010-03-01,4.57,36.85,8.06,,,,,,
2010,10,2010-03-08,4.58,36.75,8.03,,,,,,
2010,11,2010-03-15,4.74,37.93,8.0,,,,,,
2010,12,2010-03-22,4.4,35.45,8.06,,,,,,
2010,13,2010-03-29,4.85,39.07,8.05,,,,,,
2010,14,2010-04-05,5.0,39.86,7.97,,,,,,
2010,15,2010-04-12,5.09,40.59,7.98,,,,,,
2010,16,2010-04-19,4.82,38.19,7.92,,,,,,
2010,17,2010-04-26,4.97,38.98,7.85,,,,,,
2010,18,2010-05-03,5.04,39.52,7.84,,,,,,
2010,19,2010-05-10,5.13,40.1,7.81,,,,,,
2010,20,2010-05-17,5.44,43.1,7.93,,,,,,
2010,21,2010-05-24,5.28,42.33,8.01,,,,,,
2010,22,2010-05-31,4.76,37.58,7.9,,,,,,
2010,23,2010-06-07,4.77,37.72,7.91,,,,,,
2010,24,2010-06-14,4.96,38.99,7.86,,,,,,
2010,25,2010-06-21,5.23,41.51,7.94,,,,,,
2010,26,2010-06-28,5.04,40.3,7.99,,,,,,
2010,27,2010-07-05,5.15,41.53,8.07,,,,,,
2010,28,2010-07-12,5.21,41.61,7.98,,,,,,
2010,29,2010-07-19,4.75,38.27,8.05,,,,,,
2010,30,2010-07-26,4.74,37.8,7.98,,,,,,
2010,31,2010-08-02,4.88,38.49,7.88,,,,,,
2010,32,2010-08-09,5.12,40.64,7.93,,,,,,
2010,33,2010-08-16,5.45,43.2,7.93,,,,,,
2010,34,2010-08-23,5.03,40.1,7.97,,,,,,
2010,35,2010-08-30,4.68,37.12,7.94,,,,,,
2010,36,2010-09-06,4.51,35.51,7.88,,,,,,
2010,37,2010-09-13,4.48,35.47,7.91,,,,,,
2010,38,2010-09-20,4.75,37.65,7.93,,,,,,
2010,39,2010-09-27,4.6,36.69,7.97,,,,,,
2010,40,2010-10-04,4.32,34.79,8.06,,,,,,
2010,41,2010-10-11,4.69,38.04,8.11,,,,,,
2010,42,2010-10-18,4.6,37.46,8.15,,,,,,
2010,43,2010-10-25,4.19,34.08,8.14,,,,,,
2010,44,2010-11-01,4.39,35.81,8.16,,,,,,
2010,45,2010-11-08,4.19,33.87,8.09,,,,,,
2010,46,2010-11-15,4.37,35.69,8.17,,,,,,
2010,47,2010-11-22,4.22,34.49,8.17,,,,,,
2010,48,2010-11-29,4.75,38.3,8.07,,,,,,
2010,49,2010-12-06,5.49,43.71,7.96,,,,,,
2010,50,2010-12-13,5.67,44.76,7.9,,,,,,
2010,51,2010-12-20,5.67,44.56,7.86,,,,,,
2010,52,2010-12-27,3.33,25.79,7.75,,,,,,
2011,1,2011-01-03,4.76,37.02,7.77,,,,,,
2011,2,2011-01-10,5.19,40.28,7.76,,,,,,
2011,3,2011-01-17,5.34,41.84,7.84,,,,,,
2011,4,2011-01-24,4.84,38.2,7.89,,,,,,
2011,5,2011-01-31,5.22,41.05,7.87,,,,,,
2011,6,2011-02-07,5.02,39.63,7.89,,,,,,
2011,7,2011-02-14,5.29,41.34,7.82,,,,,,
2011,8,2011-02-21,5.38,41.69,7.75,,,,,,
2011,9,2011-02-28,5.23,40.35,7.72,,,,,,
2011,10,2011-03-07,5.22,40.55,7.77,,,,,,
2011,11,2011-03-14,5.16,40.69,7.88,,,,,,
2011,12,2011-03-21,5.07,40.03,7.89,,,,,,
2011,13,2011-03-28,5.17,40.64,7.86,,,,,,
2011,14,2011-04-04,5.4,42.14,7.8,,,,,,
2011,15,2011-04-11,5.67,44.44,7.84,,,,,,
2011,16,2011-04-18,5.5,42.77,7.78,,,,,,
2011,17,2011-04-25,5.59,43.52,7.79,,,,,,
2011,18,2011-05-02,5.44,42.8,7.87,,,,,,
2011,19,2011-05-09,5.18,40.48,7.82,,,,,,
2011,20,2011-05-16,4.87,38.4,7.88,,,,,,
2011,21,2011-05-23,4.5,35.17,7.81,,,,,,
2011,22,2011-05-30,4.46,34.59,7.76,,,,,,
2011,23,2011-06-06,4.11,32.34,7.86,,,,,,
2011,24,2011-06-13,4.1,32.17,7.84,,,,,,
2011,25,2011-06-20,3.9,30.62,7.86,,,,,,
2011,26,2011-06-27,3.31,25.82,7.79,,,,,,
2011,27,2011-07-04,3.77,29.22,7.75,,,,,,
2011,28,2011-07-11,4.15,32.44,7.81,,,,,,
2011,29,2011-07-18,3.51,27.44,7.82,,,,,,
2011,30,2011-07-25,3.65,28.32,7.75,,,,,,
2011,31,2011-08-01,3.53,27.18,7.71,,,,,,
2011,32,2011-08-08,3.55,27.7,7.81,,,,,,
2011,33,2011-08-15,3.45,27.07,7.84,,,,,,
2011,34,2011-08-22,3.04,23.73,7.81,,,,,,
2011,35,2011-08-29,3.28,25.34,7.73,,,,,,
2011,36,2011-09-05,3.32,25.17,7.58,,,,,,
2011,37,2011-09-12,3.01,23.24,7.71,,,,,,
2011,38,2011-09-19,3.12,24.29,7.79,,,,,,
2011,39,2011-09-26,2.95,23.08,7.83,,,,,,
2011,40,2011-10-03,2.8,21.9,7.82,,,,,,
2011,41,2011-10-10,2.75,21.36,7.77,,,,,,
2011,42,2011-10-17,2.63,20.3,7.73,,,,,,
2011,43,2011-10-24,2.47,18.99,7.68,,,,,,
2011,44,2011-10-31,2.89,22.4,7.74,,,,,,
2011,45,2011-11-07,3.06,23.68,7.75,,,,,,
2011,46,2011-11-14,2.85,22.26,7.8,,,,,,
2011,47,2011-11-21,3.2,25.09,7.83,,,,,,
2011,48,2011-11-28,3.22,25.11,7.8,,,,,,
2011,49,2011-12-05,3.11,23.91,7.7,,,,,,
2011,50,2011-12-12,3.59,27.8,7.75,,,,,,
2011,51,2011-12-19,3.33,25.79,7.75,,,,,,
2011,52,2011-12-26,3.23,25.13,7.78,,,,,,
2012,1,2012-01-02,3.14,24.21,7.71,,,,,,
2012,2,2012-01-09,3.13,24.0,7.67,,,,,,
2012,3,2012-01-16,3.46,26.51,7.67,,,,,,
2012,4,2012-01-23,3.16,24.2,7.66,,,,,,
2012,5,2012-01-30,3.15,24.15,7.66,,,,,,
2012,6,2012-02-06,3.48,26.48,7.62,,,,,,
2012,7,2012-02-13,3.61,27.23,7.54,,,,,,
2012,8,2012-02-20,3.91,29.27,7.49,,,,,,
2012,9,2012-02-27,3.78,28.13,7.45,,,,,,
2012,10,2012-03-05,3.73,27.72,7.44,,,,,,
2012,11,2012-03-12,3.74,28.11,7.52,,,,,,
2012,12,2012-03-19,3.65,27.73,7.6,,,,,,
2012,13,2012-03-26,3.35,25.52,7.61,,,,,,
2012,14,2012-04-02,3.73,28.2,7.56,,,,,,
2012,15,2012-04-09,3.73,28.33,7.6,,,,,,
2012,16,2012-04-16,3.64,27.51,7.55,,,,,,
2012,17,2012-04-23,3.68,27.82,7.57,,,,,,
2012,18,2012-04-30,3.69,27.86,7.56,,,,,,
2012,19,2012-05-07,3.68,27.83,7.57,,,,,,
2012,20,2012-05-14,4.07,30.94,7.61,,,,,,
2012,21,2012-05-21,3.8,28.79,7.57,,,,,,
2012,22,2012-05-28,3.67,27.65,7.53,,,,,,
2012,23,2012-06-04,3.36,25.53,7.6,,,,,,
2012,24,2012-06-11,3.29,24.76,7.53,,,,,,
2012,25,2012-06-18,3.51,26.33,7.51,,,,,,
2012,26,2012-06-25,3.35,25.18,7.52,,,,,,
2012,27,2012-07-02,3.53,26.5,7.51,,,,,,
2012,28,2012-07-09,3.43,25.62,7.47,,,,,,
2012,29,2012-07-16,3.38,25.24,7.46,,,,,,
2012,30,2012-07-23,3.39,25.11,7.4,,,,,,
2012,31,2012-07-30,3.51,25.97,7.4,,,,,,
2012,32,2012-08-06,3.66,26.76,7.32,,,,,,
2012,33,2012-08-13,3.54,25.9,7.31,,,,,,
2012,34,2012-08-20,3.55,26.0,7.33,,,,,,
2012,35,2012-08-27,3.74,27.27,7.29,,,,,,
2012,36,2012-09-03,3.74,27.39,7.33,,,,,,
2012,37,2012-09-10,3.47,25.74,7.41,,,,,,
2012,38,2012-09-17,3.32,24.72,7.44,,,,,,
2012,39,2012-09-24,3.03,22.43,7.4,,,,,,
2012,40,2012-10-01,3.06,22.65,7.4,,,,,,
2012,41,2012-10-08,3.48,25.76,7.4,,,,,,
2012,42,2012-10-15,3.4,25.14,7.39,,,,,,
2012,43,2012-10-22,3.16,23.48,7.43,,,,,,
2012,44,2012-10-29,3.52,26.08,7.4,,,,,,
2012,45,2012-11-05,3.4,24.9,7.32,,,,,,
2012,46,2012-11-12,3.67,26.92,7.34,,,,,,
2012,47,2012-11-19,3.52,25.81,7.34,,,,,,
2012,48,2012-11-26,3.59,26.42,7.35,,,,,,
2012,49,2012-12-03,3.89,28.58,7.34,,,,,,
2012,50,2012-12-10,4.15,30.45,7.34,,,,,,
2012,51,2012-12-17,3.81,28.07,7.36,,,,,,
2012,52,2012-12-24,4.42,32.48,7.3567,,,,,,
2013,1,2013-01-07,4.42,32.33,7.31,31.85,31.9,31.91,4.36,4.36,4.37
2013,2,2013-01-14,4.43,32.46,7.32,32.19,32.39,32.29,4.4,4.42,4.41
2013,3,2013-01-21,4.63,34.34,7.41,34.36,34.38,34.41,4.64,4.64,4.64
2013,4,2013-01-28,4.91,36.51,7.43,36.75,36.82,36.84,4.95,4.96,4.96
2013,5,2013-02-04,4.6,34.18,7.43,34.0,34.04,34.02,4.58,4.58,4.58
2013,6,2013-02-11,4.61,34.22,7.42,34.32,34.32,34.28,4.63,4.63,4.62
2013,7,2013-02-18,4.9,36.13,7.38,36.43,36.51,36.53,4.94,4.95,4.95
2013,8,2013-02-25,4.93,36.64,7.43,36.75,36.77,36.69,4.95,4.95,4.94
2013,9,2013-03-04,5.18,38.72,7.47,38.68,38.73,38.79,5.18,5.18,5.19
2013,10,2013-03-11,5.22,38.8,7.43,38.67,38.8,38.78,5.2,5.22,5.22
2013,11,2013-03-18,4.95,37.05,7.48,36.19,36.85,36.91,4.84,4.93,4.93
2013,12,2013-03-25,4.78,36.02,7.53,35.47,36.22,36.31,4.71,4.81,4.82
2013,13,2013-04-01,4.93,36.97,7.5,35.9,37.06,37.24,4.79,4.94,4.97
2013,14,2013-04-08,5.28,39.34,7.45,39.7,40.53,40.85,5.33,5.44,5.48
2013,15,2013-04-15,5.59,41.85,7.48,41.75,42.91,43.17,5.58,5.74,5.77
2013,16,2013-04-22,5.69,42.99,7.55,42.73,43.94,44.74,5.66,5.82,5.93
2013,17,2013-04-29,5.54,42.38,7.65,42.54,43.54,44.23,5.56,5.69,5.78
2013,18,2013-05-06,5.51,41.88,7.6,41.52,42.76,43.34,5.46,5.63,5.7
2013,19,2013-05-13,5.51,41.86,7.6,41.17,42.74,43.72,5.42,5.62,5.75
2013,20,2013-05-20,5.7,42.96,7.54,42.18,43.83,44.87,5.59,5.81,5.95
2013,21,2013-05-27,5.83,43.78,7.51,43.31,44.58,44.97,5.77,5.94,5.99
2013,22,2013-06-03,5.39,40.91,7.59,40.39,41.56,42.02,5.32,5.48,5.54
2013,23,2013-06-10,5.22,39.67,7.6,39.29,40.71,41.24,5.17,5.36,5.43
2013,24,2013-06-17,5.08,38.94,7.66,38.68,39.8,40.44,5.05,5.2,5.28
2013,25,2013-06-24,5.3,41.1,7.75,40.77,42.28,42.97,5.26,5.46,5.54
2013,26,2013-07-01,5.62,44.64,7.95,44.32,46.13,47.27,5.57,5.8,5.95
2013,27,2013-07-08,5.71,45.28,7.93,44.02,46.21,48.07,5.55,5.83,6.06
2013,28,2013-07-15,5.67,44.87,7.91,42.36,46.49,48.53,5.36,5.88,6.14
2013,29,2013-07-22,5.85,46.06,7.88,43.42,46.83,50.43,5.51,5.94,6.4
2013,30,2013-07-29,5.58,43.61,7.82,39.64,43.75,49.5,5.07,5.59,6.33
2013,31,2013-08-05,5.17,40.67,7.86,36.0,40.11,47.84,4.58,5.1,6.09
2013,32,2013-08-12,5.19,40.8,7.86,35.94,40.19,49.33,4.57,5.11,6.28
2013,33,2013-08-19,5.66,44.28,7.83,38.79,44.01,53.18,4.95,5.62,6.79
2013,34,2013-08-26,5.35,42.99,8.03,39.2,43.14,48.99,4.88,5.37,6.1
2013,35,2013-09-02,4.71,37.96,8.06,35.91,38.4,41.8,4.46,4.76,5.19
2013,36,2013-09-09,4.52,36.24,8.01,34.14,36.15,38.76,4.26,4.51,4.84
2013,37,2013-09-16,4.04,31.88,7.89,30.78,32.0,32.83,3.9,4.06,4.16
2013,38,2013-09-23,3.56,28.13,7.9,27.69,28.58,29.6,3.51,3.62,3.75
2013,39,2013-09-30,3.96,31.89,8.06,31.22,32.62,34.03,3.87,4.05,4.22
2013,40,2013-10-07,4.3,34.91,8.12,34.21,35.33,36.58,4.21,4.35,4.5
2013,41,2013-10-14,4.21,34.21,8.13,33.83,34.85,35.88,4.16,4.29,4.41
2013,42,2013-10-21,4.64,37.66,8.12,37.55,38.58,39.18,4.62,4.75,4.83
2013,43,2013-10-28,4.66,37.84,8.12,38.0,38.8,39.09,4.68,4.78,4.81
2013,44,2013-11-04,4.83,39.09,8.1,38.99,39.84,40.28,4.81,4.92,4.97
2013,45,2013-11-11,4.7,37.91,8.06,37.91,38.64,38.74,4.7,4.79,4.81
2013,46,2013-11-18,4.44,36.82,8.29,37.46,37.81,37.87,4.52,4.56,4.57
2013,47,2013-11-25,4.75,39.12,8.23,39.24,39.98,40.23,4.77,4.86,4.89
2013,48,2013-12-02,4.81,39.86,8.28,40.42,40.93,40.95,4.88,4.94,4.95
2013,49,2013-12-09,5.57,46.54,8.35,47.27,48.18,48.16,5.66,5.77,5.77
2013,50,2013-12-16,5.95,50.18,8.44,50.47,51.61,52.08,5.98,6.11,6.17
2013,51,2013-12-23,5.83,49.0,8.41,49.26,49.83,50.53,5.86,5.93,6.01
2013,52,2013-12-30,6.27,52.81,8.42,52.83,53.83,55.17,6.27,6.39,6.55
2014,1,2014-01-06,5.7,51.5,9.04,52.21,53.2,53.46,5.78,5.88,5.91
2014,2,2014-01-13,5.84,49.02,8.4,49.08,50.17,50.27,5.84,5.97,5.98
2014,3,2014-01-20,5.88,49.17,8.36,49.19,49.83,50.72,5.88,5.96,6.07
2014,4,2014-01-27,5.98,50.09,8.37,49.37,51.0,52.15,5.9,6.09,6.23
2014,5,2014-02-03,5.58,47.15,8.45,47.07,48.33,48.88,5.57,5.72,5.78
2014,6,2014-02-10,5.36,45.3,8.45,45.15,46.21,47.19,5.34,5.47,5.58
2014,7,2014-02-17,5.89,49.14,8.35,48.86,49.78,50.6,5.85,5.96,6.06
2014,8,2014-02-24,5.87,48.96,8.34,48.68,49.89,50.27,5.84,5.98,6.03
2014,9,2014-03-03,5.6,46.4,8.28,46.69,47.38,47.47,5.64,5.72,5.73
2014,10,2014-03-10,5.29,43.66,8.26,44.17,44.42,44.63,5.35,5.38,5.4
2014,11,2014-03-17,5.3,43.82,8.27,44.19,44.71,44.63,5.34,5.41,5.4
2014,12,2014-03-24,5.23,43.58,8.33,44.23,44.6,44.77,5.31,5.35,5.37
2014,13,2014-03-31,5.26,43.72,8.31,44.17,44.58,44.68,5.32,5.36,5.38
2014,14,2014-04-07,5.28,43.43,8.23,43.89,44.03,44.09,5.33,5.35,5.36
2014,15,2014-04-14,5.38,44.25,8.23,44.68,45.13,45.02,5.43,5.48,5.47
2014,16,2014-04-21,5.82,47.91,8.23,47.89,48.85,48.88,5.82,5.94,5.94
2014,17,2014-04-28,5.63,46.52,8.27,47.49,47.3,47.57,5.74,5.72,5.75
2014,18,2014-05-05,5.37,44.5,8.28,45.14,45.03,44.95,5.45,5.44,5.43
2014,19,2014-05-12,4.99,40.96,8.21,41.4,41.34,41.39,5.04,5.04,5.04
2014,20,2014-05-19,4.83,39.25,8.13,39.53,39.79,39.73,4.86,4.89,4.89
2014,21,2014-05-26,4.78,38.84,8.13,39.2,39.48,39.58,4.82,4.86,4.87
2014,22,2014-06-02,4.72,38.36,8.12,38.7,39.28,39.09,4.77,4.84,4.81
2014,23,2014-06-09,4.53,36.99,8.16,37.18,37.81,37.81,4.56,4.63,4.63
2014,24,2014-06-16,4.47,36.24,8.11,36.5,36.89,36.88,4.5,4.55,4.55
2014,25,2014-06-23,4.31,35.35,8.21,35.52,35.92,35.64,4.33,4.38,4.34
2014,26,2014-06-30,3.87,32.31,8.34,32.47,33.05,32.95,3.89,3.96,3.95
2014,27,2014-07-07,4.34,36.56,8.43,36.65,37.84,37.84,4.35,4.49,4.49
2014,28,2014-07-14,4.84,40.63,8.39,40.11,41.11,42.22,4.78,4.9,5.03
2014,29,2014-07-21,4.99,41.83,8.39,41.07,42.47,44.29,4.9,5.06,5.28
2014,30,2014-07-28,4.92,41.1,8.35,39.54,41.39,43.69,4.74,4.96,5.23
2014,31,2014-08-04,4.29,35.96,8.38,34.19,36.24,38.51,4.08,4.32,4.6
2014,32,2014-08-11,4.22,35.37,8.39,32.39,35.55,38.79,3.86,4.24,4.62
2014,33,2014-08-18,3.94,32.44,8.24,29.89,31.81,35.57,3.63,3.86,4.32
2014,34,2014-08-25,3.92,32.11,8.19,30.0,32.24,34.14,3.66,3.94,4.17
2014,35,2014-09-01,3.93,32.05,8.15,30.79,32.19,33.48,3.78,3.95,4.11
2014,36,2014-09-08,4.13,33.56,8.13,32.34,33.94,34.82,3.98,4.17,4.28
2014,37,2014-09-15,3.91,32.0,8.19,31.66,32.19,32.9,3.87,3.93,4.02
2014,38,2014-09-22,3.81,31.39,8.24,30.89,31.8,31.9,3.75,3.86,3.87
2014,39,2014-09-29,4.07,33.2,8.16,32.36,33.63,34.0,3.97,4.12,4.17
2014,40,2014-10-06,4.1,33.45,8.16,32.66,33.67,34.02,4.0,4.13,4.17
2014,41,2014-10-13,3.91,32.02,8.19,31.44,32.23,32.75,3.84,3.94,4.0
2014,42,2014-10-20,3.86,32.27,8.35,32.25,32.87,32.89,3.86,3.94,3.94
2014,43,2014-10-27,4.17,34.84,8.36,35.07,35.09,34.9,4.19,4.2,4.17
2014,44,2014-11-03,4.22,35.63,8.45,36.35,36.03,35.53,4.3,4.26,4.2
2014,45,2014-11-10,4.28,36.53,8.53,37.12,37.16,36.75,4.35,4.36,4.31
2014,46,2014-11-17,4.59,38.75,8.45,39.33,39.19,38.72,4.65,4.64,4.58
2014,47,2014-11-24,4.87,41.13,8.45,41.8,41.6,41.5,4.95,4.92,4.91
2014,48,2014-12-01,5.11,43.55,8.53,44.37,44.4,44.36,5.2,5.21,5.2
2014,49,2014-12-08,5.35,46.57,8.71,47.67,47.71,47.43,5.47,5.48,5.45
2014,50,2014-12-15,5.37,47.86,8.92,48.98,48.9,48.62,5.49,5.48,5.45
2014,51,2014-12-22,4.5,41.41,9.21,42.06,42.03,41.85,4.57,4.56,4.54
2014,52,2014-12-29,4.85,43.8,9.04,42.19,44.32,45.16,4.67,4.9,5.0
2015,1,2015-01-05,4.9,44.34,9.042,44.78,45.11,45.58,4.95,4.99,5.04
2015,2,2015-01-12,5.0,45.52,9.11,45.12,45.49,45.64,4.95,4.99,5.01
2015,3,2015-01-19,5.05,45.45,9.0,45.22,45.26,45.14,5.02,5.03,5.02
2015,4,2015-01-26,4.8,42.28,8.8,41.21,41.9,42.06,4.68,4.76,4.78
2015,5,2015-02-02,4.36,38.33,8.8,37.86,37.96,37.99,4.3,4.31,4.32
2015,6,2015-02-09,4.81,41.57,8.64,41.04,40.98,41.21,4.75,4.74,4.77
2015,7,2015-02-16,5.08,43.89,8.64,43.46,43.63,43.8,5.03,5.05,5.07
2015,8,2015-02-23,4.7,40.41,8.59,40.1,39.89,40.19,4.67,4.64,4.68
2015,9,2015-03-02,4.36,37.53,8.61,37.08,37.06,37.18,4.31,4.3,4.32
2015,10,2015-03-09,4.64,39.8,8.58,39.39,39.49,39.39,4.59,4.6,4.59
2015,11,2015-03-16,4.92,42.41,8.62,42.45,42.37,42.24,4.92,4.92,4.9
2015,12,2015-03-23,4.72,41.26,8.75,40.94,41.29,41.02,4.68,4.72,4.69
2015,13,2015-03-30,4.48,38.57,8.61,38.02,38.16,38.09,4.42,4.43,4.42
2015,14,2015-04-06,4.82,41.88,8.68,41.68,41.66,41.89,4.8,4.8,4.83
2015,15,2015-04-13,4.75,41.18,8.67,40.67,40.98,40.95,4.69,4.73,4.72
2015,16,2015-04-20,4.39,37.06,8.44,36.37,36.46,36.53,4.31,4.32,4.33
2015,17,2015-04-27,4.24,35.89,8.46,35.8,35.47,34.97,4.23,4.19,4.13
2015,18,2015-05-04,4.48,37.65,8.4,36.93,37.32,37.39,4.4,4.44,4.45
2015,19,2015-05-11,4.24,35.69,8.41,35.39,35.28,35.33,4.21,4.2,4.2
2015,20,2015-05-18,4.64,38.93,8.39,38.5,38.7,38.7,4.59,4.61,4.61
2015,21,2015-05-25,4.48,37.6,8.4,37.13,37.34,37.43,4.42,4.45,4.46
2015,22,2015-06-01,4.41,37.29,8.46,36.86,37.22,37.18,4.36,4.4,4.39
2015,23,2015-06-08,4.46,38.92,8.73,38.7,39.09,38.95,4.43,4.48,4.46
2015,24,2015-06-15,4.69,41.05,8.76,40.01,41.21,41.36,4.57,4.7,4.72
2015,25,2015-06-22,4.79,41.92,8.76,39.97,42.16,42.8,4.56,4.81,4.89
2015,26,2015-06-29,4.59,40.17,8.75,37.95,40.32,41.44,4.34,4.61,4.74
2015,27,2015-07-06,4.42,38.93,8.8,37.09,39.04,39.82,4.21,4.44,4.52
2015,28,2015-07-13,4.73,42.51,8.98,40.33,42.95,44.2,4.49,4.78,4.92
2015,29,2015-07-20,5.03,44.83,8.92,41.54,45.25,47.45,4.66,5.07,5.32
2015,30,2015-07-27,5.14,45.94,8.93,41.83,46.29,49.21,4.68,5.18,5.51
2015,31,2015-08-03,5.01,45.07,9.0,41.48,45.28,47.8,4.61,5.03,5.31
2015,32,2015-08-10,5.16,46.51,9.01,42.4,46.83,49.97,4.71,5.2,5.55
2015,33,2015-08-17,5.07,46.02,9.08,43.42,45.9,48.15,4.78,5.06,5.3
2015,34,2015-08-24,4.36,40.09,9.2,37.93,39.83,41.14,4.12,4.33,4.47
2015,35,2015-08-31,4.01,37.73,9.4,36.06,37.28,38.76,3.84,3.97,4.12
2015,36,2015-09-07,4.5,41.88,9.3,39.47,41.19,44.14,4.24,4.43,4.75
2015,37,2015-09-14,4.4,40.61,9.23,37.74,39.32,42.98,4.09,4.26,4.66
2015,38,2015-09-21,4.28,39.52,9.24,37.65,39.02,40.26,4.07,4.22,4.36
2015,39,2015-09-28,4.19,39.11,9.33,37.59,38.9,39.73,4.03,4.17,4.26
2015,40,2015-10-05,4.15,39.42,9.5,38.07,39.42,40.11,4.01,4.15,4.22
2015,41,2015-10-12,4.47,41.56,9.29,39.77,41.4,42.21,4.28,4.46,4.54
2015,42,2015-10-19,4.46,41.11,9.22,39.41,41.05,41.69,4.27,4.45,4.52
2015,43,2015-10-26,4.42,40.8,9.24,39.19,41.06,41.74,4.24,4.44,4.52
2015,44,2015-11-02,4.52,42.29,9.35,41.03,42.26,43.83,4.39,4.52,4.69
2015,45,2015-11-09,4.49,41.88,9.32,40.08,41.86,42.67,4.3,4.49,4.58
2015,46,2015-11-16,4.41,40.97,9.29,39.32,40.85,41.37,4.23,4.4,4.45
2015,47,2015-11-23,4.72,43.68,9.25,42.06,43.61,44.58,4.55,4.71,4.82
2015,48,2015-11-30,5.31,48.81,9.19,47.32,49.05,49.88,5.15,5.34,5.43
2015,49,2015-12-07,5.5,50.54,9.19,49.72,50.77,51.36,5.41,5.52,5.59
2015,50,2015-12-14,5.28,50.09,9.48,49.46,50.58,50.83,5.22,5.34,5.36
2015,51,2015-12-21,5.42,51.67,9.53,50.87,52.0,52.23,5.34,5.46,5.48
2015,52,2015-12-28,5.69,54.27,9.54,53.45,54.53,55.47,5.6,5.72,5.81
2015,53,2016-01-04,5.99,57.34,9.57,56.21,58.03,59.35,5.87,6.06,6.2
2015,53,2016-01-04,5.99,57.34,9.57,58.22,59.41,60.95,6.08,6.21,6.37
2015,53,2016-01-04,5.99,57.34,9.65,56.21,58.03,59.35,5.82,6.01,6.15
2015,53,2016-01-04,5.99,57.34,9.65,58.22,59.41,60.95,6.03,6.16,6.32
2016,1,2016-01-04,6.14,59.29,9.57,56.21,58.03,59.35,5.87,6.06,6.2
2016,1,2016-01-04,6.14,59.29,9.57,58.22,59.41,60.95,6.08,6.21,6.37
2016,1,2016-01-04,6.14,59.29,9.65,56.21,58.03,59.35,5.82,6.01,6.15
2016,1,2016-01-04,6.14,59.29,9.65,58.22,59.41,60.95,6.03,6.16,6.32
2016,2,2016-01-11,6.66,64.07,9.62,62.74,64.05,66.4,6.52,6.66,6.9
2016,3,2016-01-18,5.53,53.21,9.63,52.01,53.46,53.22,5.4,5.55,5.53
2016,4,2016-01-25,5.12,48.53,9.47,47.86,48.42,49.05,5.05,5.11,5.18
2016,5,2016-02-01,5.51,52.39,9.51,51.75,52.82,52.93,5.44,5.55,5.57
2016,6,2016-02-08,5.71,55.12,9.65,54.26,55.65,55.99,5.62,5.77,5.8
2016,7,2016-02-15,6.21,59.52,9.58,58.56,60.24,60.54,6.11,6.29,6.32
2016,8,2016-02-22,6.37,60.62,9.52,59.53,60.93,62.1,6.25,6.4,6.52
2016,9,2016-02-29,6.47,61.02,9.43,60.74,61.56,61.62,6.44,6.53,6.53
2016,10,2016-03-07,6.2,58.12,9.38,57.75,58.44,58.92,6.16,6.23,6.28
2016,11,2016-03-14,6.46,61.12,9.46,60.59,61.59,62.31,6.4,6.51,6.59
2016,12,2016-03-21,7.15,67.45,9.44,66.55,68.35,69.28,7.05,7.24,7.34
2016,13,2016-03-28,7.01,66.2,9.44,65.51,67.02,67.39,6.94,7.1,7.14
2016,14,2016-04-04,6.63,62.68,9.46,61.58,63.38,64.12,6.51,6.7,6.78
2016,15,2016-04-11,6.16,57.44,9.32,56.59,57.85,58.52,6.07,6.21,6.28
2016,16,2016-04-18,6.34,58.61,9.25,57.57,59.26,59.64,6.22,6.41,6.45
2016,17,2016-04-25,6.24,57.56,9.23,56.4,58.23,58.28,6.11,6.31,6.31
2016,18,2016-05-02,6.52,60.74,9.31,59.91,61.49,61.99,6.44,6.6,6.66
2016,19,2016-05-09,7.18,66.85,9.31,66.44,67.69,68.02,7.14,7.27,7.31
2016,20,2016-05-16,7.51,70.0,9.32,68.76,70.7,71.6,7.38,7.59,7.68
2016,21,2016-05-23,6.43,59.78,9.3,58.83,60.42,60.79,6.33,6.5,6.54
2016,22,2016-05-30,6.49,60.41,9.31,59.7,60.85,61.6,6.41,6.54,6.62
2016,23,2016-06-06,7.57,70.04,9.25,69.38,70.88,71.83,7.5,7.66,7.77
2016,24,2016-06-13,8.07,75.62,9.37,73.95,76.66,78.23,7.89,8.18,8.35
2016,25,2016-06-20,7.73,72.38,9.36,70.21,73.13,75.37,7.5,7.81,8.05
2016,26,2016-06-27,7.44,69.52,9.34,67.83,69.82,72.65,7.26,7.48,7.78
2016,27,2016-07-04,8.43,78.74,9.34,75.04,79.35,84.75,8.03,8.5,9.07
2016,28,2016-07-11,8.37,78.17,9.34,74.23,78.42,84.91,7.95,8.4,9.09
2016,29,2016-07-18,7.31,68.44,9.36,65.45,68.34,72.94,6.99,7.3,7.79
2016,30,2016-07-25,6.43,60.75,9.45,58.95,60.71,63.15,6.24,6.42,6.68
2016,31,2016-08-01,6.25,58.87,9.42,56.8,58.62,61.99,6.03,6.22,6.58
2016,32,2016-08-08,6.51,60.39,9.28,57.35,59.94,64.34,6.18,6.46,6.93
2016,33,2016-08-15,6.42,59.33,9.24,56.21,58.74,63.24,6.08,6.36,6.84
2016,34,2016-08-22,6.15,57.1,9.28,54.15,56.44,61.42,5.84,6.08,6.62
2016,35,2016-08-29,6.19,57.46,9.29,55.06,56.77,61.24,5.93,6.11,6.59
2016,36,2016-09-05,6.03,55.56,9.22,53.71,55.51,57.67,5.83,6.02,6.25
2016,37,2016-09-12,5.68,52.62,9.26,51.07,52.71,54.02,5.52,5.69,5.83
2016,38,2016-09-19,5.83,53.54,9.19,51.73,53.52,55.58,5.63,5.82,6.05
2016,39,2016-09-26,6.11,55.45,9.07,53.77,55.17,57.62,5.93,6.08,6.35
2016,40,2016-10-03,6.8,60.98,8.97,57.64,61.47,64.71,6.43,6.85,7.21
2016,41,2016-10-10,7.0,63.25,9.04,61.06,63.68,66.28,6.75,7.04,7.33
2016,42,2016-10-17,7.23,64.86,8.97,62.87,65.42,67.52,7.01,7.29,7.53
2016,43,2016-10-24,7.31,65.88,9.01,64.09,66.62,68.37,7.11,7.39,7.59
2016,44,2016-10-31,7.05,63.89,9.06,62.83,63.9,66.02,6.93,7.05,7.29
2016,45,2016-11-07,6.8,61.9,9.1,60.49,62.03,64.01,6.65,6.82,7.03
2016,46,2016-11-14,7.35,66.86,9.1,65.87,67.17,68.68,7.24,7.38,7.55
2016,47,2016-11-21,7.15,64.84,9.07,63.84,65.27,66.09,7.04,7.2,7.29
2016,48,2016-11-28,7.33,66.18,9.03,65.58,66.72,67.38,7.26,7.39,7.46
2016,49,2016-12-05,7.72,69.44,8.99,68.12,69.9,71.28,7.58,7.78,7.93
2016,50,2016-12-12,8.32,74.9,9.0,73.45,75.67,77.72,8.16,8.41,8.64
2016,51,2016-12-19,8.76,79.37,9.06,76.92,80.39,82.79,8.49,8.87,9.14
2016,52,2016-12-26,8.66,78.75,9.09,76.06,79.68,82.25,8.37,8.77,9.05
2017,1,2017-01-02,8.84,79.69,9.01,76.88,80.65,83.09,8.53,8.95,9.22
2017,2,2017-01-09,8.37,75.83,9.06,73.88,76.14,78.69,8.15,8.4,8.69
2017,3,2017-01-16,8.24,74.37,9.03,73.35,74.58,76.01,8.12,8.26,8.42
2017,4,2017-01-23,7.96,71.22,8.95,70.73,71.28,72.19,7.9,7.96,8.07
2017,5,2017-01-30,7.44,65.96,8.87,65.39,66.13,66.37,7.37,7.46,7.48
2017,6,2017-02-06,7.35,65.27,8.88,64.71,65.59,65.55,7.29,7.39,7.38
2017,7,2017-02-13,7.29,64.66,8.87,64.15,64.99,65.1,7.23,7.33,7.34
2017,8,2017-02-20,7.17,63.29,8.83,63.02,63.4,63.5,7.14,7.18,7.19
2017,9,2017-02-27,6.66,59.17,8.88,58.6,59.4,59.3,6.6,6.69,6.68
2017,10,2017-03-06,6.47,58.3,9.01,58.34,58.29,58.24,6.48,6.47,6.46
2017,11,2017-03-13,6.92,63.22,9.14,63.3,63.41,63.45,6.93,6.94,6.94
2017,12,2017-03-20,7.01,64.18,9.15,64.11,64.32,64.27,7.01,7.03,7.02
2017,13,2017-03-27,6.91,63.57,9.2,63.81,63.7,63.5,6.94,6.92,6.9
2017,14,2017-04-03,6.86,62.81,9.16,62.76,62.86,62.82,6.85,6.86,6.86
2017,15,2017-04-10,7.12,64.91,9.12,65.37,64.69,64.77,7.17,7.09,7.1
2017,16,2017-04-17,7.14,65.52,9.18,65.44,65.52,65.81,7.13,7.14,7.17
2017,17,2017-04-24,6.76,62.94,9.31,63.02,63.14,62.93,6.77,6.78,6.76
2017,18,2017-05-01,7.06,66.64,9.44,66.92,66.64,66.74,7.09,7.06,7.07
2017,19,2017-05-08,7.7,72.39,9.4,71.99,72.81,73.16,7.66,7.75,7.78
2017,20,2017-05-15,7.96,74.69,9.38,73.96,75.11,75.82,7.88,8.01,8.08
2017,21,2017-05-22,7.91,74.27,9.3836,71.93,75.06,76.29,7.67,8.0,8.13
2017,22,2017-05-29,7.13,67.36,9.4533,66.45,67.85,68.29,7.03,7.18,7.22
2017,23,2017-06-05,7.55,71.83,9.5158,71.9,72.01,72.53,7.56,7.57,7.62
2017,24,2017-06-12,7.27,68.81,9.46,68.45,69.05,69.11,7.24,7.3,7.31
2017,25,2017-06-19,7.49,71.06,9.4815,70.19,71.51,72.09,7.4,7.54,7.6
2017,26,2017-06-26,7.41,70.73,9.5484,69.43,71.09,72.02,7.27,7.45,7.54
2017,27,2017-07-03,6.88,65.46,9.5158,64.07,65.37,66.7,6.73,6.87,7.01
2017,28,2017-07-10,6.75,63.86,9.4667,61.81,64.23,65.93,6.53,6.78,6.96
2017,29,2017-07-17,6.98,65.06,9.3191,62.91,65.16,67.15,6.75,6.99,7.21
2017,30,2017-07-24,6.51,60.64,9.3162,58.83,60.45,62.21,6.31,6.49,6.68
2017,31,2017-07-31,6.28,58.68,9.3445,56.74,58.44,60.31,6.07,6.25,6.45
2017,32,2017-08-07,6.07,56.75,9.3551,54.52,56.45,58.3,5.83,6.03,6.23
2017,33,2017-08-14,5.69,53.07,9.3311,51.41,52.83,54.18,5.51,5.66,5.81
2017,34,2017-08-21,5.86,54.34,9.2784,52.2,53.81,56.38,5.63,5.8,6.08
2017,35,2017-08-28,5.6,51.97,9.2745,49.52,51.4,54.08,5.34,5.54,5.83
2017,36,2017-09-04,5.71,53.03,9.2903,50.12,52.58,55.68,5.39,5.66,5.99
2017,37,2017-09-11,5.44,50.94,9.3717,48.78,50.38,52.83,5.21,5.38,5.64
2017,38,2017-09-18,5.57,52.0,9.3298,50.07,51.6,53.31,5.37,5.53,5.71
2017,39,2017-09-25,5.87,54.81,9.3325,53.3,54.38,56.02,5.71,5.83,6.0
2017,40,2017-10-02,5.9,55.23,9.3682,53.96,55.0,56.45,5.76,5.87,6.03
2017,41,2017-10-09,5.56,52.07,9.3663,50.79,52.04,52.6,5.42,5.56,5.62
2017,42,2017-10-16,5.66,53.02,9.3661,51.02,52.88,54.39,5.45,5.65,5.81
2017,43,2017-10-23,5.32,50.3,9.4472,48.84,50.31,50.61,5.17,5.33,5.36
2017,44,2017-10-30,4.78,45.32,9.4874,44.6,45.09,44.96,4.7,4.75,4.74
2017,45,2017-11-06,4.98,47.09,9.455,46.14,46.87,46.89,4.88,4.96,4.96
2017,46,2017-11-13,5.42,52.23,9.6412,51.98,52.17,52.14,5.39,5.41,5.41
2017,47,2017-11-20,4.74,45.88,9.6782,45.66,45.72,45.26,4.72,4.72,4.68
2017,48,2017-11-27,4.63,45.31,9.7909,44.5,44.93,45.36,4.55,4.59,4.63
2017,49,2017-12-04,5.23,51.2,9.7928,49.75,51.33,51.77,5.08,5.24,5.29
2017,50,2017-12-11,5.17,50.73,9.8187,48.96,50.6,51.62,4.99,5.15,5.26
2017,51,2017-12-18,5.15,50.98,9.8966,48.38,50.65,52.47,4.89,5.12,5.3
2017,52,2017-12-25,5.5,54.18,9.8559,52.08,54.54,55.75,5.28,5.53,5.66
2018,1,2018-01-01,5.69,56.34,9.9088,54.25,56.11,58.0,5.47,5.66,5.85
2018,2,2018-01-08,5.65,54.61,9.6654,52.89,54.61,55.39,5.47,5.65,5.73
2018,3,2018-01-15,5.52,53.19,9.6298,51.93,53.18,53.81,5.39,5.52,5.59
2018,4,2018-01-22,5.76,55.33,9.6078,53.96,55.12,56.44,5.62,5.74,5.87
2018,5,2018-01-29,5.61,53.69,9.5633,51.55,53.39,55.1,5.39,5.58,5.76
2018,6,2018-02-05,5.38,52.1,9.6915,49.63,51.9,53.91,5.12,5.36,5.56
2018,7,2018-02-12,5.63,54.7,9.724,52.67,54.62,56.26,5.42,5.62,5.79
2018,8,2018-02-19,6.38,61.67,9.6668,60.06,61.59,63.32,6.21,6.37,6.55
2018,9,2018-02-26,6.94,66.88,9.6305,65.55,67.38,68.45,6.81,7.0,7.11
2018,10,2018-03-05,7.36,71.02,9.6465,70.2,71.85,72.13,7.28,7.45,7.48
2018,11,2018-03-12,7.32,69.88,9.5434,68.94,70.59,70.73,7.22,7.4,7.41
2018,12,2018-03-19,6.98,66.46,9.5224,66.74,66.67,66.72,7.01,7.0,7.01
2018,13,2018-03-26,8.03,76.97,9.588,77.37,77.85,77.77,8.07,8.12,8.11
2018,14,2018-04-02,7.84,75.35,9.6105,75.53,75.65,76.21,7.86,7.87,7.93
2018,15,2018-04-09,7.29,70.0,9.6036,69.41,70.36,70.71,7.23,7.33,7.36
2018,16,2018-04-16,7.19,68.98,9.598,68.33,69.4,69.75,7.12,7.23,7.27
2018,17,2018-04-23,7.11,68.66,9.6585,68.35,69.05,69.22,7.08,7.15,7.17
2018,18,2018-04-30,7.77,75.09,9.6621,74.91,75.69,76.1,7.75,7.83,7.88
2018,19,2018-05-07,8.36,80.22,9.5973,79.59,81.0,81.84,8.29,8.44,8.53
2018,20,2018-05-14,8.36,80.02,9.5704,78.6,80.97,81.64,8.21,8.46,8.53
2018,21,2018-05-21,8.25,78.3,9.4915,77.17,79.05,80.15,8.13,8.33,8.44
2018,22,2018-05-28,6.97,66.47,9.5378,62.67,67.44,69.11,6.57,7.07,7.25
2018,23,2018-06-04,6.41,60.9,9.5075,59.22,61.3,62.01,6.23,6.45,6.52
2018,24,2018-06-11,6.9,65.23,9.4482,63.34,65.53,66.83,6.7,6.94,7.07
2018,25,2018-06-18,6.43,60.81,9.4502,59.2,60.66,62.3,6.26,6.42,6.59
2018,26,2018-06-25,5.92,56.15,9.4812,54.56,56.09,57.07,5.75,5.92,6.02
2018,27,2018-07-02,5.98,56.54,9.4588,54.68,56.57,57.65,5.78,5.98,6.09
2018,28,2018-07-09,5.64,53.28,9.4419,51.93,53.14,54.06,5.5,5.63,5.73
2018,29,2018-07-16,5.66,53.88,9.5271,51.8,53.81,55.57,5.44,5.65,5.83
2018,30,2018-07-23,5.64,53.81,9.5487,51.7,53.73,55.33,5.41,5.63,5.79
2018,31,2018-07-30,5.72,54.56,9.5376,51.94,54.29,56.58,5.45,5.69,5.93
2018,32,2018-08-06,5.75,54.83,9.5281,52.52,54.63,56.45,5.51,5.73,5.92
2018,33,2018-08-13,5.3,50.76,9.5801,48.87,50.58,51.84,5.1,5.28,5.41
2018,34,2018-08-20,5.16,49.97,9.68,47.63,49.44,51.94,4.92,5.11,5.37
2018,35,2018-08-27,5.72,55.6,9.7211,53.05,55.21,58.2,5.46,5.68,5.99
2018,36,2018-09-03,6.42,62.6,9.7436,59.73,62.3,66.09,6.13,6.39,6.78
2018,37,2018-09-10,6.31,60.83,9.6425,58.14,60.61,63.64,6.03,6.29,6.6
2018,38,2018-09-17,6.05,57.86,9.5648,54.97,57.5,60.47,5.75,6.01,6.32
2018,39,2018-09-24,6.05,57.62,9.531,55.17,57.24,60.14,5.79,6.01,6.31
2018,40,2018-10-01,5.81,54.96,9.4615,52.6,54.45,56.98,5.56,5.75,6.02
2018,41,2018-10-08,6.0,56.89,9.4841,54.63,56.14,59.66,5.76,5.92,6.29
2018,42,2018-10-15,6.05,57.1,9.4441,54.67,56.65,59.57,5.79,6.0,6.31
2018,43,2018-10-22,5.98,56.73,9.4933,54.84,56.56,58.67,5.78,5.96,6.18
2018,44,2018-10-29,6.12,58.29,9.5277,55.42,58.34,60.92,5.82,6.12,6.39
2018,45,2018-11-05,5.85,55.75,9.5302,52.59,55.68,58.42,5.52,5.84,6.13
2018,46,2018-11-12,5.6,53.66,9.5815,50.58,53.48,56.11,5.28,5.58,5.86
2018,47,2018-11-19,5.21,50.65,9.7136,48.76,50.32,51.73,5.02,5.18,5.33
2018,48,2018-11-26,5.55,54.03,9.7284,51.93,53.93,55.73,5.34,5.54,5.73
2018,49,2018-12-03,5.95,57.6,9.6769,55.73,57.34,59.21,5.76,5.93,6.12
2018,50,2018-12-10,5.93,57.61,9.7162,55.39,57.52,59.52,5.7,5.92,6.13
2018,51,2018-12-17,5.74,56.79,9.8889,53.72,56.67,59.35,5.43,5.73,6.0
2018,52,2018-12-24,6.6,65.92,9.982,63.38,65.64,69.49,6.35,6.58,6.96
2019,1,2019-01-07,6.62,65.6,9.9088,62.94,65.69,68.28,6.35,6.63,6.89
2019,2,2019-01-14,6.31,61.69,9.7701,59.28,61.55,63.87,6.07,6.3,6.54
2019,3,2019-01-21,6.27,61.12,9.7528,59.47,61.25,62.41,6.1,6.28,6.4
2019,4,2019-01-28,6.08,59.21,9.739,58.09,59.51,59.71,5.96,6.11,6.13
2019,5,2019-02-04,5.79,56.1,9.692,55.3,56.58,56.05,5.71,5.84,5.78
2019,6,2019-02-11,5.71,55.44,9.7135,54.57,55.76,55.61,5.62,5.74,5.73
2019,7,2019-02-18,5.67,55.41,9.7805,54.51,55.74,55.78,5.57,5.7,5.7
2019,8,2019-02-25,5.93,57.84,9.7551,56.88,57.91,58.53,5.83,5.94,6.0
2019,9,2019-03-04,6.74,65.66,9.7401,64.27,66.15,67.0,6.6,6.79,6.88
2019,10,2019-03-11,7.53,73.85,9.8058,72.62,74.05,75.28,7.41,7.55,7.68
2019,11,2019-03-18,7.43,72.31,9.7269,70.72,72.81,73.73,7.27,7.49,7.58
2019,12,2019-03-25,6.92,66.88,9.6596,65.52,67.12,67.89,6.78,6.95,7.03
2019,13,2019-04-01,6.69,64.76,9.6782,63.35,64.95,65.92,6.55,6.71,6.81
2019,14,2019-04-08,7.05,67.96,9.6392,66.87,68.23,68.92,6.94,7.08,7.15
2019,15,2019-04-15,7.05,67.73,9.6059,66.5,68.25,68.53,6.92,7.11,7.13
2019,16,2019-04-22,7.7,73.88,9.5888,71.84,74.48,75.94,7.49,7.77,7.92
2019,17,2019-04-29,7.11,68.51,9.6302,65.8,68.24,70.82,6.83,7.09,7.35
2019,18,2019-05-06,6.27,60.95,9.7199,58.35,60.83,62.95,6.0,6.26,6.48
2019,19,2019-05-13,6.1,59.76,9.8011,56.69,59.72,62.4,5.78,6.09,6.37
2019,20,2019-05-20,6.48,63.45,9.7914,59.66,63.46,66.97,6.09,6.48,6.84
2019,21,2019-05-27,6.03,58.95,9.7718,55.46,59.11,61.69,5.68,6.05,6.31
2019,22,2019-06-03,5.75,56.13,9.7583,51.7,56.39,59.64,5.3,5.78,6.11
2019,23,2019-06-10,6.22,60.91,9.7884,56.86,60.8,65.05,5.81,6.21,6.65
2019,24,2019-06-17,7.41,72.41,9.7742,68.68,73.11,76.3,7.03,7.48,7.81
2019,25,2019-06-24,6.42,62.55,9.7417,59.04,62.84,64.95,6.06,6.45,6.67
2019,26,2019-07-01,5.87,56.84,9.6802,54.22,56.85,58.69,5.6,5.87,6.06
2019,27,2019-07-08,6.22,60.05,9.6556,57.83,60.27,62.11,5.99,6.24,6.43
2019,28,2019-07-15,6.53,63.07,9.6657,60.08,63.31,65.52,6.22,6.55,6.78
2019,29,2019-07-22,5.93,57.01,9.619,53.63,56.79,60.1,5.58,5.9,6.25
2019,30,2019-07-29,5.48,52.84,9.6482,49.81,52.35,56.07,5.16,5.43,5.81
2019,31,2019-08-05,5.12,50.13,9.7861,46.19,49.45,53.9,4.72,5.05,5.51
2019,32,2019-08-12,5.23,52.23,9.9799,47.65,51.97,56.73,4.77,5.21,5.68
2019,33,2019-08-19,5.05,50.46,9.9983,45.12,49.62,56.29,4.51,4.96,5.63
2019,34,2019-08-26,4.69,46.67,9.9508,42.48,45.66,51.19,4.27,4.59,5.14
2019,35,2019-09-02,5.0,50.08,10.013,45.99,49.57,54.22,4.59,4.95,5.41
2019,36,2019-09-09,4.72,47.06,9.9676,42.98,46.62,50.73,4.31,4.68,5.09
2019,37,2019-09-16,4.44,43.89,9.8858,40.59,43.54,46.5,4.11,4.4,4.7
2019,38,2019-09-23,4.29,42.5,9.8998,39.57,42.15,44.89,4.0,4.26,4.53
2019,39,2019-09-30,4.37,43.36,9.933,40.63,43.29,45.52,4.09,4.36,4.58
2019,40,2019-10-07,4.29,42.76,9.9685,39.33,42.76,45.52,3.95,4.29,4.57
2019,41,2019-10-14,4.78,47.99,10.0455,44.65,47.92,50.95,4.44,4.77,5.07
2019,42,2019-10-21,5.14,52.06,10.1341,48.93,51.91,54.96,4.83,5.12,5.42
2019,43,2019-10-28,5.12,52.05,10.1696,49.58,52.18,54.07,4.88,5.13,5.32
2019,44,2019-11-04,4.74,48.52,10.23,45.75,48.35,50.78,4.47,4.73,4.96
2019,45,2019-11-11,5.04,51.02,10.1212,48.23,50.91,53.52,4.77,5.03,5.29
2019,46,2019-11-18,5.65,57.02,10.0928,54.65,56.73,59.68,5.41,5.62,5.91
2019,47,2019-11-25,6.07,61.34,10.1054,58.74,61.59,63.49,5.81,6.09,6.28
2019,48,2019-12-02,6.17,62.36,10.1046,59.5,62.03,65.52,5.89,6.14,6.48
2019,49,2019-12-09,6.13,62.2,10.1518,59.14,62.01,65.31,5.83,6.11,6.43
2019,50,2019-12-16,6.85,69.42,10.1307,66.33,69.28,73.2,6.55,6.84,7.23
2019,51,2019-12-23,7.49,74.96,10.0106,67.99,75.17,81.64,6.79,7.51,8.16
2019,52,2019-12-30,7.89,77.95,9.8854,71.03,76.8,87.01,7.19,7.77,8.8
2020,1,2020-01-06,8.0,78.76,9.8455,72.31,77.35,87.18,7.34,7.86,8.85
2020,2,2020-01-13,8.09,79.77,9.8591,74.0,79.36,86.46,7.51,8.05,8.77
2020,3,2020-01-20,7.99,79.03,9.8929,73.89,78.68,85.09,7.47,7.95,8.6
2020,4,2020-01-27,7.82,77.74,9.9364,73.25,77.59,82.82,7.37,7.81,8.34
2020,5,2020-02-03,6.95,70.24,10.1063,68.57,70.71,71.28,6.78,7.0,7.05
2020,6,2020-02-10,6.42,65.31,10.1734,63.97,65.74,66.04,6.29,6.46,6.49
2020,7,2020-02-17,6.22,62.63,10.0652,61.65,62.89,62.94,6.13,6.25,6.25
2020,8,2020-02-24,6.77,68.12,10.0552,66.88,68.68,68.56,6.65,6.83,6.82
2020,9,2020-03-02,7.31,74.8,10.2369,73.65,75.45,75.46,7.19,7.37,7.37
2020,10,2020-03-09,6.53,67.82,10.3823,67.27,68.27,67.77,6.48,6.58,6.53
2020,11,2020-03-16,6.17,67.96,11.0108,67.93,68.23,67.92,6.17,6.2,6.17
2020,12,2020-03-23,5.05,59.68,11.8244,59.05,59.8,59.85,4.99,5.06,5.06
2020,13,2020-03-30,4.74,56.14,11.8378,56.44,56.2,55.25,4.77,4.75,4.67
2020,14,2020-04-06,4.72,53.79,11.3929,53.34,53.72,53.22,4.68,4.72,4.67
2020,15,2020-04-13,4.83,54.19,11.2253,53.99,54.35,53.26,4.81,4.84,4.74
2020,16,2020-04-20,4.7,53.37,11.3653,52.96,53.6,52.99,4.66,4.72,4.66
2020,17,2020-04-27,4.64,53.31,11.4853,53.01,53.35,52.98,4.62,4.65,4.61
2020,18,2020-05-04,4.47,50.53,11.2966,49.07,50.71,50.81,4.34,4.49,4.5
2020,19,2020-05-11,4.46,49.74,11.1402,49.09,49.55,49.79,4.41,4.45,4.47
2020,20,2020-05-18,5.17,56.99,11.0305,56.09,57.13,57.34,5.08,5.18,5.2
2020,21,2020-05-25,6.18,67.44,10.9165,65.55,67.73,69.28,6.0,6.2,6.35
2020,22,2020-06-01,6.12,66.43,10.8603,64.22,66.85,68.44,5.91,6.16,6.3
2020,23,2020-06-08,6.65,70.66,10.6257,68.78,70.85,72.55,6.47,6.67,6.83
2020,24,2020-06-15,6.87,73.01,10.6216,69.9,73.21,76.39,6.58,6.89,7.19
2020,25,2020-06-22,5.77,62.05,10.751,58.25,62.8,64.87,5.42,5.84,6.03
2020,26,2020-06-29,5.37,58.12,10.8177,55.28,57.77,61.25,5.11,5.34,5.66
2020,27,2020-07-06,5.53,59.69,10.7903,56.32,59.62,63.13,5.22,5.53,5.85
2020,28,2020-07-13,5.15,54.9,10.6573,50.48,54.87,58.7,4.74,5.15,5.51
2020,29,2020-07-20,4.56,48.56,10.6436,44.83,48.16,52.09,4.21,4.52,4.89
2020,30,2020-07-27,4.36,46.11,10.5872,42.5,45.65,49.27,4.01,4.31,4.65
2020,31,2020-08-03,4.21,45.07,10.6946,41.66,44.63,48.28,3.9,4.17,4.51
2020,32,2020-08-10,4.22,45.09,10.6862,41.76,44.75,48.07,3.91,4.19,4.5
2020,33,2020-08-17,4.61,48.69,10.5592,45.85,48.37,51.41,4.34,4.58,4.87
2020,34,2020-08-24,4.66,49.2,10.5513,46.52,48.8,51.81,4.41,4.63,4.91
2020,35,2020-08-31,4.41,46.5,10.5471,43.09,46.63,49.22,4.09,4.42,4.67
2020,36,2020-09-07,4.43,46.46,10.4814,43.33,46.39,49.25,4.13,4.43,4.7
2020,37,2020-09-14,4.45,47.48,10.6643,43.91,47.28,50.98,4.12,4.43,4.78
2020,38,2020-09-21,4.28,45.78,10.6948,42.02,45.53,49.41,3.93,4.26,4.62
2020,39,2020-09-28,4.46,49.11,11.0213,45.9,48.9,52.31,4.16,4.44,4.75
2020,40,2020-10-05,4.29,47.23,11.0049,44.67,47.04,49.58,4.06,4.27,4.51
2020,41,2020-10-12,4.07,44.29,10.8886,42.35,44.19,45.6,3.89,4.06,4.19
2020,42,2020-10-19,4.33,47.07,10.8663,44.88,47.16,48.63,4.13,4.34,4.48
2020,43,2020-10-26,4.09,44.72,10.9397,43.09,45.13,45.21,3.94,4.13,4.13
2020,44,2020-11-02,3.85,42.32,10.9998,41.17,42.14,42.88,3.74,3.83,3.9
2020,45,2020-11-09,3.9,42.8,10.9703,41.92,42.73,43.04,3.82,3.9,3.92
2020,46,2020-11-16,4.0,42.86,10.7255,41.48,43.07,43.06,3.87,4.02,4.01
2020,47,2020-11-23,4.28,45.89,10.7124,44.35,46.26,46.48,4.14,4.32,4.34
2020,48,2020-11-30,4.07,43.21,10.6099,42.06,43.63,43.01,3.96,4.11,4.05
2020,49,2020-12-07,3.9,41.5,10.6462,41.0,41.5,41.13,3.85,3.9,3.86
2020,50,2020-12-14,3.93,41.88,10.6468,41.45,41.86,41.59,3.89,3.93,3.91
2020,51,2020-12-21,4.13,43.56,10.5588,42.9,43.55,43.75,4.06,4.12,4.14
2020,52,2020-12-28,4.42,46.91,10.6231,46.32,46.73,47.18,4.36,4.4,4.44
2020,53,2021-01-04,4.93,51.95,10.5347,51.22,52.0,52.25,4.86,4.94,4.96
2020,53,2021-01-04,4.93,51.95,10.5347,46.58,46.6,45.54,4.42,4.42,4.32
2020,53,2021-01-04,4.93,51.95,10.3852,51.22,52.0,52.25,4.93,5.01,5.03
2020,53,2021-01-04,4.93,51.95,10.3852,46.58,46.6,45.54,4.49,4.49,4.39
2021,1,2021-01-04,4.48,46.49,10.5347,51.22,52.0,52.25,4.86,4.94,4.96
2021,1,2021-01-04,4.48,46.49,10.5347,46.58,46.6,45.54,4.42,4.42,4.32
2021,1,2021-01-04,4.48,46.49,10.3852,51.22,52.0,52.25,4.93,5.01,5.03
2021,1,2021-01-04,4.48,46.49,10.3852,46.58,46.6,45.54,4.49,4.49,4.39
2021,2,2021-01-11,4.21,43.58,10.3416,43.39,43.52,43.3,4.2,4.21,4.19
2021,3,2021-01-18,4.61,47.63,10.3266,47.1,47.59,47.82,4.56,4.61,4.63
2021,4,2021-01-25,4.4,45.76,10.4108,44.9,46.23,45.64,4.31,4.44,4.38
2021,5,2021-02-01,4.37,45.21,10.3468,45.18,45.01,45.15,4.37,4.35,4.36
2021,6,2021-02-08,4.83,49.6,10.2608,48.85,49.88,49.67,4.76,4.86,4.84
2021,7,2021-02-15,4.85,49.54,10.2057,49.01,49.83,49.41,4.8,4.88,4.84
2021,8,2021-02-22,5.37,55.28,10.3029,55.19,55.19,55.47,5.36,5.36,5.38
2021,9,2021-03-01,6.29,64.58,10.2662,64.55,64.85,64.48,6.29,6.32,6.28
2021,10,2021-03-08,6.23,62.99,10.1042,61.68,63.57,63.57,6.1,6.29,6.29
2021,11,2021-03-15,6.03,61.02,10.1261,60.46,61.27,61.42,5.97,6.05,6.07
2021,12,2021-03-22,6.35,64.46,10.153,64.17,64.65,64.92,6.32,6.37,6.39
2021,13,2021-03-29,6.94,69.67,10.0435,69.76,70.09,69.78,6.95,6.98,6.95
2021,14,2021-04-05,6.68,67.37,10.0803,64.67,68.38,69.11,6.42,6.78,6.86
2021,15,2021-04-12,6.01,60.56,10.0795,56.77,61.31,63.28,5.63,6.08,6.28
2021,16,2021-04-19,6.02,60.25,10.0149,56.61,60.15,63.87,5.65,6.01,6.38
2021,17,2021-04-26,6.56,65.5,9.9781,61.86,65.27,69.41,6.2,6.54,6.96
2021,18,2021-05-03,6.57,65.83,10.0163,62.83,66.06,68.67,6.27,6.6,6.86
2021,19,2021-05-10,7.43,74.46,10.0166,71.86,74.86,77.13,7.17,7.47,7.7
2021,20,2021-05-17,6.93,70.07,10.1095,67.16,69.65,73.81,6.64,6.89,7.3
2021,21,2021-05-24,6.17,62.85,10.1872,58.21,62.79,67.44,5.71,6.16,6.62
2021,22,2021-05-31,5.67,57.55,10.156,54.44,57.31,60.61,5.36,5.64,5.97
2021,23,2021-06-07,5.67,57.05,10.0685,54.4,56.76,59.98,5.4,5.64,5.96
2021,24,2021-06-14,6.19,62.85,10.154,58.86,62.87,67.03,5.8,6.19,6.6
2021,25,2021-06-21,5.98,60.99,10.1939,55.31,60.83,67.04,5.43,5.97,6.58
2021,26,2021-06-28,5.63,57.41,10.1971,53.36,56.8,61.98,5.23,5.57,6.08
2021,27,2021-07-05,5.76,59.23,10.2779,56.15,58.91,62.64,5.46,5.73,6.09
2021,28,2021-07-12,6.45,66.79,10.3473,63.35,66.98,70.35,6.12,6.47,6.8
2021,29,2021-07-19,6.35,66.74,10.5044,62.38,66.56,71.48,5.94,6.34,6.8
2021,30,2021-07-26,5.48,57.19,10.4384,54.09,56.39,60.48,5.18,5.4,5.79
2021,31,2021-08-02,5.33,55.7,10.441,52.51,55.35,58.85,5.03,5.3,5.64
2021,32,2021-08-09,5.47,57.04,10.4324,54.83,56.95,58.99,5.26,5.46,5.65
2021,33,2021-08-16,5.13,53.68,10.474,52.05,53.84,54.54,4.97,5.14,5.21
2021,34,2021-08-23,5.07,52.71,10.3985,50.97,52.97,53.86,4.9,5.09,5.18
2021,35,2021-08-30,5.08,52.14,10.2661,50.97,51.94,53.16,4.96,5.06,5.18
2021,36,2021-09-06,4.89,50.18,10.2609,48.35,50.15,51.69,4.71,4.89,5.04
2021,37,2021-09-13,4.91,49.8,10.151,48.64,49.54,50.68,4.79,4.88,4.99
2021,38,2021-09-20,4.93,49.99,10.1455,48.51,50.01,50.94,4.78,4.93,5.02
2021,39,2021-09-27,5.02,50.73,10.0992,49.18,50.69,51.82,4.87,5.02,5.13
2021,40,2021-10-04,5.35,53.13,9.928,51.42,53.07,54.51,5.18,5.35,5.49
2021,41,2021-10-11,5.78,56.84,9.8319,55.12,56.8,58.33,5.61,5.78,5.93
2021,42,2021-10-18,5.93,57.7,9.7312,55.96,57.63,59.2,5.75,5.92,6.08
2021,43,2021-10-25,5.77,56.13,9.7251,54.61,56.13,57.3,5.62,5.77,5.89
2021,44,2021-11-01,5.5,54.05,9.8273,53.33,54.11,54.31,5.43,5.51,5.53
2021,45,2021-11-08,5.44,53.92,9.907,53.05,54.21,54.23,5.35,5.47,5.47
2021,46,2021-11-15,5.83,57.93,9.9387,57.43,58.08,58.2,5.78,5.84,5.86
2021,47,2021-11-22,6.19,62.44,10.0791,61.63,62.72,62.98,6.11,6.22,6.25
2021,48,2021-11-29,5.89,60.44,10.2593,59.25,60.58,61.3,5.78,5.9,5.98
2021,49,2021-12-06,6.42,65.29,10.1738,64.33,65.43,66.1,6.32,6.43,6.5
2021,50,2021-12-13,7.34,74.78,10.1918,73.31,75.13,76.32,7.19,7.37,7.49
2021,51,2021-12-20,6.9,69.75,10.1032,65.98,70.18,72.68,6.53,6.95,7.19
2021,52,2021-12-27,6.48,64.76,9.9921,61.77,65.14,66.62,6.18,6.52,6.67
2022,1,2022-01-03,6.58,65.87,10.0092,63.61,65.66,68.14,6.36,6.56,6.81
2022,2,2022-01-10,7.17,71.58,9.9777,69.43,71.42,73.87,6.96,7.16,7.4
2022,3,2022-01-17,7.18,71.59,9.9746,69.13,71.57,73.83,6.93,7.18,7.4
2022,4,2022-01-24,7.03,70.8,10.066,68.94,70.98,72.45,6.85,7.05,7.2
2022,5,2022-01-31,7.37,73.53,9.9796,72.27,73.51,74.66,7.24,7.37,7.48
2022,6,2022-02-07,8.0,80.5,10.0685,79.03,80.78,82.14,7.85,8.02,8.16
2022,7,2022-02-14,9.16,92.56,10.1074,90.01,92.97,95.43,8.91,9.2,9.44
2022,8,2022-02-21,9.06,91.24,10.0745,89.14,91.27,93.88,8.85,9.06,9.32
2022,9,2022-02-28,8.64,85.27,9.8733,81.97,85.43,88.61,8.3,8.65,8.97
2022,10,2022-03-07,8.44,82.97,9.8291,80.9,82.76,85.3,8.23,8.42,8.68
2022,11,2022-03-14,8.22,80.49,9.7961,79.44,80.71,81.65,8.11,8.24,8.33
2022,12,2022-03-21,9.0,86.24,9.5872,85.47,86.58,87.01,8.92,9.03,9.08
2022,13,2022-03-28,9.19,88.42,9.6251,87.78,88.59,89.55,9.12,9.2,9.3
2022,14,2022-04-04,10.72,102.3,9.5417,101.18,102.67,104.52,10.6,10.76,10.95
2022,15,2022-04-11,11.43,109.15,9.5522,107.16,110.19,112.29,11.22,11.54,11.76
2022,16,2022-04-18,11.95,114.36,9.5679,113.56,114.96,117.07,11.87,12.02,12.24
2022,17,2022-04-25,12.77,124.96,9.7863,121.9,126.22,129.38,12.46,12.9,13.22
2022,18,2022-05-02,12.31,122.02,9.913,118.97,120.98,128.89,12.0,12.2,13.0
2022,19,2022-05-09,10.24,104.34,10.1926,97.89,103.48,113.11,9.6,10.15,11.1
2022,20,2022-05-16,9.66,99.01,10.2509,95.2,98.87,104.1,9.29,9.65,10.16
2022,21,2022-05-23,10.0,102.5,10.2476,98.13,102.84,107.71,9.58,10.04,10.51
2022,22,2022-05-30,10.0,100.87,10.091,97.46,100.99,104.97,9.66,10.01,10.4
2022,23,2022-06-06,10.49,106.57,10.1638,103.09,106.23,112.23,10.14,10.45,11.04
2022,24,2022-06-13,10.24,106.48,10.403,101.47,106.52,112.85,9.75,10.24,10.85
2022,25,2022-06-20,10.04,104.76,10.4302,100.77,104.83,109.96,9.66,10.05,10.54
2022,26,2022-06-27,9.47,98.04,10.353,94.54,98.26,102.11,9.13,9.49,9.86
2022,27,2022-07-04,9.29,95.56,10.283,93.27,96.04,98.15,9.07,9.34,9.54
2022,28,2022-07-11,8.97,92.11,10.2694,88.93,92.38,95.57,8.66,9.0,9.31
2022,29,2022-07-18,7.78,79.22,10.1777,75.3,78.56,83.75,7.4,7.72,8.23
2022,30,2022-07-25,7.13,71.06,9.9625,68.49,70.35,74.0,6.87,7.06,7.43
2022,31,2022-08-01,7.33,72.69,9.9114,70.53,72.37,74.83,7.12,7.3,7.55
2022,32,2022-08-08,7.27,71.8,9.8812,69.92,71.71,73.44,7.08,7.26,7.43
2022,33,2022-08-15,6.7,65.98,9.8453,64.63,65.73,67.01,6.56,6.68,6.81
2022,34,2022-08-22,6.17,59.81,9.6917,57.81,59.63,61.23,5.96,6.15,6.32
2022,35,2022-08-29,5.8,57.39,9.8956,55.59,57.45,58.32,5.62,5.81,5.89
2022,36,2022-09-05,6.1,60.79,9.9613,59.2,60.54,62.56,5.94,6.08,6.28
2022,37,2022-09-12,6.2,62.5,10.0804,60.78,62.29,64.15,6.03,6.18,6.36
2022,38,2022-09-19,6.14,62.96,10.262,61.17,62.85,64.64,5.96,6.12,6.3
2022,39,2022-09-26,6.07,63.35,10.4398,61.39,63.24,65.05,5.88,6.06,6.23
2022,40,2022-10-03,6.51,68.27,10.4841,66.88,68.13,69.64,6.38,6.5,6.64
2022,41,2022-10-10,6.93,71.85,10.3721,70.82,71.84,72.74,6.83,6.93,7.01
2022,42,2022-10-17,6.83,70.92,10.3821,69.45,70.69,72.51,6.69,6.81,6.98
2022,43,2022-10-24,6.76,69.99,10.3471,67.6,69.61,72.78,6.53,6.73,7.03
2022,44,2022-10-31,6.61,67.78,10.2563,64.4,66.81,71.92,6.28,6.51,7.01
2022,45,2022-11-07,6.44,66.31,10.2964,62.69,65.33,70.88,6.09,6.34,6.88
2022,46,2022-11-14,6.79,70.69,10.4046,67.57,69.71,75.15,6.49,6.7,7.22
2022,47,2022-11-21,7.75,80.51,10.3884,76.53,79.9,85.72,7.37,7.69,8.25
2022,48,2022-11-28,8.01,82.45,10.2942,79.12,81.59,87.05,7.69,7.93,8.46
2022,49,2022-12-05,7.55,78.97,10.4651,76.47,78.43,82.38,7.31,7.49,7.87
2022,50,2022-12-12,7.46,78.02,10.4539,74.6,77.8,81.83,7.14,7.44,7.83
2022,51,2022-12-19,7.24,75.77,10.4639,72.88,75.19,79.62,6.96,7.19,7.61
2022,52,2022-12-26,8.25,86.62,10.5007,82.3,85.97,91.88,7.84,8.19,8.75
2023,1,2023-01-02,8.37,89.2,10.6623,83.83,87.88,96.26,7.86,8.24,9.03
2023,2,2023-01-09,9.06,96.86,10.6889,91.96,95.25,103.8,8.6,8.91,9.71
2023,3,2023-01-16,8.39,89.83,10.7111,86.06,88.84,94.01,8.03,8.29,8.78
2023,4,2023-01-23,8.05,86.46,10.7429,83.18,86.25,89.44,7.74,8.03,8.33
2023,5,2023-01-30,8.34,90.92,10.8979,88.57,90.63,93.3,8.13,8.32,8.56
2023,6,2023-02-06,8.29,91.11,10.9955,89.07,90.89,93.03,8.1,8.27,8.46
2023,7,2023-02-13,9.18,100.26,10.9169,97.31,100.45,102.42,8.91,9.2,9.38
2023,8,2023-02-20,10.67,116.84,10.9546,112.6,116.11,122.81,10.28,10.6,11.21
2023,9,2023-02-27,11.25,123.99,11.0235,118.5,123.33,131.15,10.75,11.19,11.9
2023,10,2023-03-06,11.1,124.51,11.2173,119.54,124.86,130.11,10.66,11.13,11.6
2023,11,2023-03-13,11.27,128.34,11.387,124.52,127.41,134.36,10.94,11.19,11.8
2023,12,2023-03-20,10.56,119.62,11.3312,116.33,119.29,123.74,10.27,10.53,10.92
2023,13,2023-03-27,9.88,112.04,11.3427,110.61,111.67,114.12,9.75,9.85,10.06
2023,14,2023-04-03,9.98,112.67,11.295,109.97,112.88,115.7,9.74,9.99,10.24
2023,15,2023-04-10,10.53,120.73,11.4693,118.58,120.36,124.66,10.34,10.49,10.87
2023,16,2023-04-17,10.76,123.96,11.5239,118.05,124.15,130.23,10.24,10.77,11.3
2023,17,2023-04-24,9.8,114.85,11.7138,106.51,114.93,123.65,9.09,9.81,10.56
2023,18,2023-05-01,9.6,113.25,11.7914,106.11,113.16,120.7,9.0,9.6,10.24
2023,19,2023-05-08,9.2,106.45,11.5646,98.28,104.13,117.29,8.5,9.0,10.14
